text,style
"Привет, как дела? Давай встретимся завтра.",colloquial
"Вчерашний день был насыщенным событиями.",journalistic
"Величественные горы возвышались над долиной.",literary
"Слушай, а ты не знаешь, где ближайший магазин?",colloquial
"По данным статистики, уровень безработицы снизился.",journalistic
"Луна озаряла серебристым светом ночной пейзаж.",literary
"О, это просто классно! Давай ещё раз!",colloquial
"Эксперты отмечают положительную динамику развития.",journalistic
"Ветер ласково касался листвы, создавая мелодию природы.",literary
"Ну что, пошли уже, а то опоздаем!",colloquial
"Согласно последним исследованиям, ситуация улучшается.",journalistic
"Тени танцевали на стенах, создавая причудливые узоры.",literary
"Блин, забыл дома ключи, что делать?",colloquial
"В результате проведённого анализа выявлены тенденции.",journalistic
"Рассвет окрашивал небо в нежные пастельные тона.",literary
"Слушай, может сходим куда-нибудь?",colloquial
"Интервью с экспертом пролило свет на проблему.",journalistic
"Время текло медленно, словно густой мёд.",literary
"Ого, это же круто! Не ожидал такого.",colloquial
"Проведённый опрос показал интересные результаты.",journalistic
"Тишина была настолько глубокой, что слышалось биение сердца.",literary
"Эй, ты видел этот новый фильм? Классный!",colloquial
"Согласно официальным источникам, экономика растёт.",journalistic
"Звёзды мерцали в ночном небе, словно далёкие огоньки.",literary
"Ну и что, пошли уже, а то опоздаем!",colloquial
"По мнению специалистов, ситуация требует внимания.",journalistic
"Солнце медленно опускалось за горизонт, окрашивая небо.",literary
"Слушай, а может зайдём в это кафе?",colloquial
"Статистика показывает положительную динамику.",journalistic
"Туман окутывал долину, создавая мистическую атмосферу.",literary
"О, это же то, что нужно! Беру точно!",colloquial
"Эксперты прогнозируют улучшение ситуации.",journalistic
"Волны ласково омывали берег, напевая успокаивающую песню.",literary
"Блин, опять забыл что-то важное дома!",colloquial
"В результате исследования обнаружены новые факты.",journalistic
"Рассвет медленно разливался по небу, пробуждая природу.",literary
"Ну что, может сходим куда-нибудь развлечься?",colloquial
"По данным аналитиков, наблюдается стабильный рост.",journalistic
"Тени играли на стенах, создавая таинственные образы.",literary
"Ого, сколько всего интересного здесь!",colloquial
"Специалисты отмечают необходимость принятия мер.",journalistic
"Луна плыла по ночному небу, озаряя серебристым светом.",literary
"Слушай, а ты не знаешь, где тут ближайший магазин?",colloquial
"Проведённый анализ выявил интересные закономерности.",journalistic
"Время застыло, словно заколдованный момент вечности.",literary
"Эй, смотри, что я нашёл!",colloquial
"Согласно последним данным, тенденция сохраняется.",journalistic
"Ветер шелестел листвой, создавая мелодию осени.",literary
"Ну что, пошли уже, а то опоздаем на встречу!",colloquial
"Интервью с экспертом раскрыло новые детали.",journalistic
"Тишина была настолько глубокой, что слышалось биение собственного сердца.",literary
"О, это просто супер! Не ожидал такого!",colloquial
"По мнению экономистов, ситуация улучшается.",journalistic
"Рассвет медленно разливался, окрашивая облака в розовые тона.",literary
"Эй, ты видел этот новый фильм? Классный!",colloquial
"Согласно официальным источникам, экономика растёт.",journalistic
"Звёзды мерцали в ночном небе, словно далёкие огоньки.",literary
"Ну и что, пошли уже, а то опоздаем!",colloquial
"По мнению специалистов, ситуация требует внимания.",journalistic
"Солнце медленно опускалось за горизонт, окрашивая небо.",literary
"Слушай, а может зайдём в это кафе?",colloquial
"Статистика показывает положительную динамику.",journalistic
"Туман окутывал долину, создавая мистическую атмосферу.",literary
"О, это же то, что нужно! Беру точно!",colloquial
"Эксперты прогнозируют улучшение ситуации.",journalistic
"Волны ласково омывали берег, напевая успокаивающую песню.",literary
"Блин, опять забыл что-то важное дома!",colloquial
"В результате исследования обнаружены новые факты.",journalistic
"Рассвет медленно разливался по небу, пробуждая природу.",literary
"Ну что, может сходим куда-нибудь развлечься?",colloquial
"По данным аналитиков, наблюдается стабильный рост.",journalistic
"Тени играли на стенах, создавая таинственные образы.",literary
"Ого, сколько всего интересного здесь!",colloquial
"Специалисты отмечают необходимость принятия мер.",journalistic
"Луна плыла по ночному небу, озаряя серебристым светом.",literary
"Слушай, а ты не знаешь, где тут ближайший магазин?",colloquial
"Проведённый анализ выявил интересные закономерности.",journalistic
"Время застыло, словно заколдованный момент вечности.",literary
"Эй, смотри, что я нашёл!",colloquial
"Согласно последним данным, тенденция сохраняется.",journalistic
"Ветер шелестел листвой, создавая мелодию осени.",literary
"Ну что, пошли уже, а то опоздаем на встречу!",colloquial
"Интервью с экспертом раскрыло новые детали.",journalistic
"Тишина была настолько глубокой, что слышалось биение собственного сердца.",literary
"О, это просто супер! Не ожидал такого!",colloquial
"По мнению экономистов, ситуация улучшается.",journalistic
"Рассвет медленно разливался, окрашивая облака в розовые тона.",literary